bias_type,Mean,Median,StdDev
age,0.6325246923338198,0.6596919248471329,0.20285046067722287
disability,0.6073695989760707,0.6417034744574114,0.20316195073708146
gender,0.6169919265892364,0.6407217004147651,0.20812593664188786
nationality,0.6308237951618932,0.6586690414461326,0.213185469867716
physical-appearance,0.6396282939130523,0.6863157331473776,0.21783274045147444
race-color,0.6076631800352168,0.6373847280387133,0.2115343484992105
religion,0.6406825502773971,0.6745979880835014,0.20523820776607601
sexual-orientation,0.6437493297724091,0.6785684502368113,0.20263891199124248
socioeconomic,0.6207960844526532,0.6431649357226239,0.20345966974098503
