bias_type,ASR
age,0.9377394636015326
disability,0.9652777777777778
gender,0.9338422391857506
nationality,0.9161425576519916
physical-appearance,0.9193121693121693
race-color,0.9456802063185042
religion,0.9436507936507936
sexual-orientation,0.9384920634920635
socioeconomic,0.9434697855750487
